Label,Min,Q1,Median,Q3,Max
PPO,0.2352942,0.3137256,0.3887557,0.4901963,0.4901963
PID,1,1,1,1,1
