Label,Min,Q1,Median,Q3,Max
PPO,0.5098041,0.5098041,0.6112447,0.6862746,0.7647059
PID,0,0,0,0,0
