{"count":1,"self":53.7477568,"total":161.9349485,"children":{"InitializeActuators":{"count":128,"self":0.0030521999999999997,"total":0.0030521999999999997,"children":null},"InitializeSensors":{"count":128,"self":0.0015233999999999998,"total":0.0015233999999999998,"children":null},"AgentSendState":{"count":434,"self":0.0864928,"total":7.3702176999999995,"children":{"CollectObservations":{"count":55552,"self":0.1443757,"total":0.1443757,"children":null},"WriteActionMask":{"count":55552,"self":0.0146132,"total":0.0146132,"children":null},"RequestDecision":{"count":55552,"self":0.0573833,"total":7.1247359999999995,"children":{"AgentInfo.ToProto":{"count":55552,"self":0.053517499999999996,"total":7.0673527,"children":{"GenerateSensorData":{"count":55552,"self":7.0138352,"total":7.0138352,"children":null}}}}}}},"DecideAction":{"count":434,"self":93.387071999999989,"total":93.387071699999993,"children":null},"AgentAct":{"count":434,"self":0.3197464,"total":7.4191123999999995,"children":{"AgentInfo.ToProto":{"count":22343,"self":0.02665,"total":7.099366,"children":{"GenerateSensorData":{"count":22343,"self":7.072716,"total":7.072716,"children":null}}}}},"AgentInfo.ToProto":{"count":29,"self":0,"total":0.0052006,"children":{"GenerateSensorData":{"count":29,"self":0.0052006,"total":0.0052006,"children":null}}}},"gauges":{"Track.CumulativeReward":{"count":22372,"max":482.586639,"min":-279.058533,"runningAverage":-2.069561,"value":-1.37599993,"weightedAverage":-1.37599969}},"metadata":{"timer_format_version":"0.1.0","start_time_seconds":"1734097490","unity_version":"6000.0.26f1","command_line_arguments":"C:\\Program Files\\Unity\\Hub\\Editor\\6000.0.26f1\\Editor\\Unity.exe -projectpath C:\\Users\\UserAdmin\\Terrain Generation -useHub -hubIPC -cloudEnvironment production","communication_protocol_version":"1.5.0","com.unity.ml-agents_version":"3.0.0","scene_name":"RacetrackEnv","end_time_seconds":"1734097652"}}