{"count":1,"self":3659.9885824,"total":8397.5804694999988,"children":{"InitializeActuators":{"count":1,"self":0.0009989,"total":0.0009989,"children":null},"InitializeSensors":{"count":1,"self":0.0015032,"total":0.0015032,"children":null},"AgentSendState":{"count":718734,"self":5.5626352,"total":501.0903168,"children":{"CollectObservations":{"count":718734,"self":299.98348799999997,"total":299.9834845,"children":null},"WriteActionMask":{"count":718734,"self":1.042608,"total":1.042608,"children":null},"RequestDecision":{"count":718734,"self":4.4616524,"total":194.5015891,"children":{"AgentInfo.ToProto":{"count":718734,"self":5.2368684,"total":190.0399367,"children":{"GenerateSensorData":{"count":718734,"self":184.803072,"total":184.80306829999998,"children":null}}}}}}},"DecideAction":{"count":718734,"self":4191.9803391999994,"total":4191.9802856,"children":null},"AgentAct":{"count":718734,"self":44.381254399999996,"total":44.518742499999995,"children":{"AgentInfo.ToProto":{"count":370,"self":0.001001,"total":0.1374866,"children":{"GenerateSensorData":{"count":370,"self":0.13648559999999998,"total":0.13648559999999998,"children":null}}}}}},"gauges":{"Track.CumulativeReward":{"count":370,"max":5826.8335,"min":-114271.563,"runningAverage":-1976.93494,"value":-2066.47119,"weightedAverage":-6763.69434}},"metadata":{"timer_format_version":"0.1.0","start_time_seconds":"1735785538","unity_version":"6000.0.26f1","command_line_arguments":"C:\\Program Files\\Unity\\Hub\\Editor\\6000.0.26f1\\Editor\\Unity.exe -projectpath C:\\Projects\\Terrain Generation -useHub -hubIPC -cloudEnvironment production","communication_protocol_version":"1.5.0","com.unity.ml-agents_version":"3.0.0","scene_name":"TerrainEnv","end_time_seconds":"1735793936"}}